<?xml version="1.0" encoding="UTF-8"?>
<beans xmlns="http://www.springframework.org/schema/beans"
        xmlns:xsi="http://www.w3.org/2001/XMLSchema-instance"
        xmlns:p="http://www.springframework.org/schema/p"
        xmlns:context="http://www.springframework.org/schema/context"
        xsi:schemaLocation="
        http://www.springframework.org/schema/beans 
        http://www.springframework.org/schema/beans/spring-beans.xsd
        http://www.springframework.org/schema/context 
        http://www.springframework.org/schema/context/spring-context-2.5.xsd">
        <bean class="org.springframework.web.servlet.mvc.annotation.DefaultAnnotationHandlerMapping" />
        <context:component-scan base-package="com.scrumiverse.web" />
        <context:annotation-config />
        <bean id="viewResolver"   
           class="org.springframework.web.servlet.view.InternalResourceViewResolver"    
           p:prefix="/WEB-INF/jsp/" p:suffix=".jsp" />
    <bean id="configurationLoader" class="org.springmodules.validation.bean.conf.loader.annotation.AnnotationBeanValidationConfigurationLoader"/>  
           <bean id="validator" class="org.springmodules.validation.bean.BeanValidator"  p:configurationLoader-ref="configurationLoader"/>   
	<bean id="multipartResolver" class="org.springframework.web.multipart.commons.CommonsMultipartResolver">
    	<!-- one of the properties available; the maximum file size in bytes -->
    	<!-- <property name="maxUploadSize" value="100000"/> -->
	</bean>
    <bean id="myDataSource" class="org.apache.commons.dbcp.BasicDataSource" destroy-method="close">
                <property name="driverClassName" value="com.mysql.jdbc.Driver"/> 
                <property name="url" value="jdbc:mysql://localhost:3306/scrumiverseDB"/> 
                <property name="username" value="Scrumi"/> 
                <property name="password" value="root"/> 
        </bean>
        <bean id="mySessionFactory" class="org.springframework.orm.hibernate3.annotation.AnnotationSessionFactoryBean">
                <property name="dataSource" ref="myDataSource" />
                <property name="annotatedClasses">
                        <list>
                                <value>com.scrumiverse.model.account.User</value>
                                <value>com.scrumiverse.model.scrumCore.Project</value>
                                <value>com.scrumiverse.model.scrumCore.ProjectUser</value>
                                <value>com.scrumiverse.model.scrumCore.UserStory</value>
                                <value>com.scrumiverse.model.scrumCore.Sprint</value>
                                <value>com.scrumiverse.model.scrumFeatures.Category</value>
								<value>com.scrumiverse.model.scrumFeatures.HistoryEntry</value>
                                <value>com.scrumiverse.model.scrumCore.Task</value>
                                <value>com.scrumiverse.model.account.Role</value>
                                <value>com.scrumiverse.model.scrumFeatures.WorkLog</value>
                                <value>com.scrumiverse.model.scrumFeatures.Message</value>
                                <value>com.scrumiverse.model.scrumFeatures.Notification</value>
                        </list>
                </property>
                <property name="hibernateProperties">
                        <props>
                                <prop key="hibernate.dialect">org.hibernate.dialect.MySQLDialect</prop>
                                <prop key="hibernate.show_sql">false</prop>
                                <prop key="hibernate.hbm2ddl.auto">update</prop>
                                <prop key="hibernate.connection.CharSet">utf8</prop>
        						<prop key="hibernate.connection.characterEncoding">utf8</prop>
        						<prop key="hibernate.connection.useUnicode">true</prop>
                        </props></property>
        </bean>
        <bean id="userDAO" class="com.scrumiverse.persistence.DAO.impl.UserDAOImpl">
                <property name="sessionFactory" ref="mySessionFactory"/>
        </bean>
        <bean id="projectDAO" class="com.scrumiverse.persistence.DAO.impl.ProjectDAOImpl">
                <property name="sessionFactory" ref="mySessionFactory"/>
        </bean>
        <bean id="userStoryDAO" class="com.scrumiverse.persistence.DAO.impl.UserStoryDAOImpl">
                <property name="sessionFactory" ref="mySessionFactory"/>
        </bean>
        <bean id="taskDAO" class="com.scrumiverse.persistence.DAO.impl.TaskDAOImpl">
                <property name="sessionFactory" ref="mySessionFactory"/>
        </bean>
        <bean id="roleDAO" class="com.scrumiverse.persistence.DAO.impl.RoleDAOImpl">
                <property name="sessionFactory" ref="mySessionFactory"/>
        </bean>
        <bean id="categoryDAO" class="com.scrumiverse.persistence.DAO.impl.CategoryDAOImpl">
                <property name="sessionFactory" ref="mySessionFactory"/>
        </bean>
        <bean id="sprintDAO" class="com.scrumiverse.persistence.DAO.impl.SprintDAOImpl">
        		<property name="sessionFactory" ref="mySessionFactory"/>
        </bean>
        <bean id="messageDAO" class="com.scrumiverse.persistence.DAO.impl.MessageDAOImpl">
        		<property name="sessionFactory" ref="mySessionFactory"/>
        </bean>
        <bean id="notificationDAO" class="com.scrumiverse.persistence.DAO.impl.NotificationDAOImpl">
        		<property name="sessionFactory" ref="mySessionFactory"/>
        </bean>
         <bean id="historyDAO" class="com.scrumiverse.persistence.DAO.impl.HistoryDAOImpl">
        		<property name="sessionFactory" ref="mySessionFactory"/>
        </bean>
</beans>
